Time (ms),Voltage (mV)
0.0,3005.8125
19.494140625,2613.5625
44.427978515625,2494.875
62.38037109375,2294.0625
88.3134765625,2236.6875
105.338623046875,2145.75
124.765869140625,2275.6875
141.75390625,2281.3125
170.64453125,2494.125
189.59228515625,2768.625
